sample_name,codon,count,sample_total,frequency
Mut_NS5_Sample,ATT,169080,1808248,0.09350487322535404
Mut_NS5_Sample,CGC,162366,1808248,0.08979188695355947
Mut_NS5_Sample,TAG,136769,1808248,0.07563619592002867
Mut_NS5_Sample,CCT,112566,1808248,0.06225141684105277
Mut_NS5_Sample,ATG,110051,1808248,0.06086056779822237
Mut_NS5_Sample,CTT,105630,1808248,0.05841565979887715
Mut_NS5_Sample,AAG,96947,1808248,0.05361377421681097
Mut_NS5_Sample,TGG,91857,1808248,0.050798894841857976
Mut_NS5_Sample,CAG,85729,1808248,0.047409979162150326
Mut_NS5_Sample,GAT,79826,1808248,0.044145493317288335
Mut_NS5_Sample,GCA,69414,1808248,0.03838743358211927
Mut_NS5_Sample,AAC,67651,1808248,0.03741245669841747
Mut_NS5_Sample,ACT,63328,1808248,0.03502174480491614
Mut_NS5_Sample,TAC,60495,1808248,0.033455034928837196
Mut_NS5_Sample,TTT,60438,1808248,0.033423512704009624
Mut_NS5_Sample,CAC,57928,1808248,0.032035428768620235
Mut_NS5_Sample,TGT,56610,1808248,0.03130654644716875
Mut_NS5_Sample,TCT,53026,1808248,0.029324517433449396
Mut_NS5_Sample,GTC,44039,1808248,0.024354513318969522
Mut_NS5_Sample,GGA,41936,1808248,0.023191509129278726
Mut_NS5_Sample,AGA,37599,1808248,0.020793054934942552
Mut_NS5_Sample,GAG,20142,1808248,0.01113895881538373
Mut_NS5_Sample,GAC,7427,1808248,0.004107290592883277
Mut_NS5_Sample,TAT,1266,1808248,0.0007001252040649291
Mut_NS5_Sample,CAT,1201,1808248,0.0006641788073317377
Mut_NS5_Sample,CGT,1072,1808248,0.0005928390353535577
Mut_NS5_Sample,AAT,989,1808248,0.0005469382518327132
Mut_NS5_Sample,ATC,936,1808248,0.0005176281129579571
Mut_NS5_Sample,GTT,914,1808248,0.0005054616402174923
Mut_NS5_Sample,GCT,880,1808248,0.00048665890961859215
Mut_NS5_Sample,TGC,804,1808248,0.0004446292765151683
Mut_NS5_Sample,AGG,793,1808248,0.0004385460401449359
Mut_NS5_Sample,CTC,780,1808248,0.00043135676079829755
Mut_NS5_Sample,CGG,718,1808248,0.00039706942852971497
Mut_NS5_Sample,CCC,669,1808248,0.0003699713756077706
Mut_NS5_Sample,AGC,510,1808248,0.00028204095898350226
Mut_NS5_Sample,GGT,475,1808248,0.0002626852068963992
Mut_NS5_Sample,GTG,412,1808248,0.00022784485313961358
Mut_NS5_Sample,GGG,360,1808248,0.00019908773575306042
Mut_NS5_Sample,ACG,323,1808248,0.00017862594068955145
Mut_NS5_Sample,TTG,307,1808248,0.0001697775968783043
Mut_NS5_Sample,GCG,278,1808248,0.00015373997372041887
Mut_NS5_Sample,TTC,276,1808248,0.00015263393074401298
Mut_NS5_Sample,AGT,265,1808248,0.0001465506943737806
Mut_NS5_Sample,GAA,261,1808248,0.0001443386084209688
Mut_NS5_Sample,TGA,248,1808248,0.0001371493290743305
Mut_NS5_Sample,ACC,244,1808248,0.00013493724312151873
Mut_NS5_Sample,TCC,243,1808248,0.0001343842216333158
Mut_NS5_Sample,GCC,242,1808248,0.00013383120014511283
Mut_NS5_Sample,GGC,199,1808248,0.00011005127615238618
Mut_NS5_Sample,CTG,192,1808248,0.00010618012573496556
Mut_NS5_Sample,TCA,178,1808248,9.843782490012432e-05
Mut_NS5_Sample,ACA,174,1808248,9.622573894731254e-05
Mut_NS5_Sample,ATA,170,1808248,9.401365299450075e-05
Mut_NS5_Sample,CGA,164,1808248,9.069552406528308e-05
Mut_NS5_Sample,CAA,156,1808248,8.627135215965952e-05
Mut_NS5_Sample,GTA,137,1808248,7.576394388380355e-05
Mut_NS5_Sample,TCG,118,1808248,6.525653560794759e-05
Mut_NS5_Sample,AAA,114,1808248,6.30444496551358e-05
Mut_NS5_Sample,TAA,112,1808248,6.19384066787299e-05
Mut_NS5_Sample,CCA,107,1808248,5.917329923771518e-05
Mut_NS5_Sample,CCG,69,1808248,3.8158482686003244e-05
Mut_NS5_Sample,CTA,25,1808248,1.382553720507364e-05
Mut_NS5_Sample,TTA,13,1808248,7.189279346638293e-06
Mut_Plasmid,CAG,96987,1189981,0.08150298198038457
Mut_Plasmid,GAC,76465,1189981,0.06425732847835386
Mut_Plasmid,GAG,75573,1189981,0.06350773667814864
Mut_Plasmid,CAC,69277,1189981,0.05821689590001857
Mut_Plasmid,TGT,67347,1189981,0.05659502126504541
Mut_Plasmid,CCT,66755,1189981,0.05609753433038007
Mut_Plasmid,CGC,63907,1189981,0.0537042188068549
Mut_Plasmid,ATG,57153,1189981,0.04802849793400063
Mut_Plasmid,GCA,55272,1189981,0.046447800427065644
Mut_Plasmid,TTT,55203,1189981,0.04638981630799147
Mut_Plasmid,ATT,53527,1189981,0.044981390459175395
Mut_Plasmid,ACT,51829,1189981,0.043554476920219735
Mut_Plasmid,CTT,51824,1189981,0.04355027517246074
Mut_Plasmid,TCT,50883,1189981,0.042759506244217343
Mut_Plasmid,AAC,48558,1189981,0.040805693536283355
Mut_Plasmid,TAG,43224,1189981,0.03632326902698446
Mut_Plasmid,GTC,40006,1189981,0.03361902416929346
Mut_Plasmid,TAC,37801,1189981,0.03176605340757541
Mut_Plasmid,TGG,33973,1189981,0.028549195323286675
Mut_Plasmid,AAG,32763,1189981,0.0275323723656092
Mut_Plasmid,GGA,28541,1189981,0.02398441655791143
Mut_Plasmid,AGA,18960,1189981,0.015933027502119782
Mut_Plasmid,GAT,4922,1189981,0.0041362004939574665
Mut_Plasmid,CAT,1028,1189981,0.0008638793392499544
Mut_Plasmid,TAT,812,1189981,0.0006823638360612481
Mut_Plasmid,GCT,572,1189981,0.0004806799436293521
Mut_Plasmid,TGC,510,1189981,0.0004285782714177789
Mut_Plasmid,AAT,499,1189981,0.0004193344263479837
Mut_Plasmid,CGT,496,1189981,0.00041681337769258503
Mut_Plasmid,GTT,429,1189981,0.00036050995772201407
Mut_Plasmid,ATC,346,1189981,0.00029076094492265004
Mut_Plasmid,CTC,319,1189981,0.0002680715070240617
Mut_Plasmid,GAA,273,1189981,0.00022941542764128166
Mut_Plasmid,GGC,267,1189981,0.00022437333033048428
Mut_Plasmid,CGG,254,1189981,0.0002134487861570899
Mut_Plasmid,CCC,253,1189981,0.00021260843660529034
Mut_Plasmid,GGG,219,1189981,0.00018403655184410508
Mut_Plasmid,CTG,185,1189981,0.00015546466708291981
Mut_Plasmid,GTG,183,1189981,0.00015378396797932067
Mut_Plasmid,GGT,179,1189981,0.0001504225697721224
Mut_Plasmid,TTG,170,1189981,0.00014285942380592632
Mut_Plasmid,AGG,156,1189981,0.00013109453008073238
Mut_Plasmid,TCA,156,1189981,0.00013109453008073238
Mut_Plasmid,TTC,156,1189981,0.00013109453008073238
Mut_Plasmid,ACG,144,1189981,0.00012101033545913758
Mut_Plasmid,AGC,142,1189981,0.00011932963635553845
Mut_Plasmid,GCC,140,1189981,0.00011764893725193932
Mut_Plasmid,TGA,138,1189981,0.00011596823814834018
Mut_Plasmid,ACC,135,1189981,0.00011344718949294148
Mut_Plasmid,TCC,132,1189981,0.00011092614083754279
Mut_Plasmid,AGT,130,1189981,0.00010924544173394366
Mut_Plasmid,ACA,128,1189981,0.00010756474263034452
Mut_Plasmid,GCG,113,1189981,9.495949935335102e-05
Mut_Plasmid,CGA,90,1189981,7.5631459661961e-05
Mut_Plasmid,GTA,86,1189981,7.227006145476272e-05
Mut_Plasmid,CCG,74,1189981,6.218586683316792e-05
Mut_Plasmid,CCA,72,1189981,6.050516772956879e-05
Mut_Plasmid,TCG,58,1189981,4.874027400437486e-05
Mut_Plasmid,ATA,57,1189981,4.789992445257529e-05
Mut_Plasmid,CAA,54,1189981,4.537887579717659e-05
Mut_Plasmid,AAA,34,1189981,2.8571884761185263e-05
Mut_Plasmid,TAA,24,1189981,2.0168389243189598e-05
Mut_Plasmid,CTA,12,1189981,1.0084194621594799e-05
Mut_Plasmid,TTA,6,1189981,5.0420973107973995e-06
Mut_Rnd1_mCherry_neg,GAC,222684,1247015,0.1785736338376042
Mut_Rnd1_mCherry_neg,TGT,196330,1247015,0.15743996664033713
Mut_Rnd1_mCherry_neg,ATT,80220,1247015,0.0643296191304836
Mut_Rnd1_mCherry_neg,CGC,79478,1247015,0.06373459822055068
Mut_Rnd1_mCherry_neg,GAT,74278,1247015,0.0595646403611825
Mut_Rnd1_mCherry_neg,TAG,68227,1247015,0.05471225285982927
Mut_Rnd1_mCherry_neg,TGG,45471,1247015,0.036463875735255794
Mut_Rnd1_mCherry_neg,CAC,44844,1247015,0.03596107504721274
Mut_Rnd1_mCherry_neg,ATG,44783,1247015,0.035912158233862464
Mut_Rnd1_mCherry_neg,GAG,40434,1247015,0.032424630016479355
Mut_Rnd1_mCherry_neg,CAG,39340,1247015,0.031547335036066125
Mut_Rnd1_mCherry_neg,GCA,35416,1247015,0.028400620682189067
Mut_Rnd1_mCherry_neg,TCT,33022,1247015,0.0264808362369338
Mut_Rnd1_mCherry_neg,TTT,32666,1247015,0.026195354506561668
Mut_Rnd1_mCherry_neg,CTT,32033,1247015,0.02568774232868089
Mut_Rnd1_mCherry_neg,ACT,29183,1247015,0.02340228465575795
Mut_Rnd1_mCherry_neg,CCT,28206,1247015,0.02261881372718051
Mut_Rnd1_mCherry_neg,AAC,26255,1247015,0.021054277614944487
Mut_Rnd1_mCherry_neg,AAG,25021,1247015,0.020064714538317503
Mut_Rnd1_mCherry_neg,GGA,17016,1247015,0.013645385179809386
Mut_Rnd1_mCherry_neg,TAC,14133,1247015,0.011333464312778915
Mut_Rnd1_mCherry_neg,AGA,13441,1247015,0.010778539151493767
Mut_Rnd1_mCherry_neg,GTC,11431,1247015,0.009166690055853377
Mut_Rnd1_mCherry_neg,TAT,1432,1247015,0.001148342241272158
Mut_Rnd1_mCherry_neg,TGC,1345,1247015,0.0010785756386250366
Mut_Rnd1_mCherry_neg,GGC,1153,1247015,0.0009246079638175964
Mut_Rnd1_mCherry_neg,CGT,1140,1247015,0.000914183069169176
Mut_Rnd1_mCherry_neg,CAT,724,1247015,0.0005805864404197223
Mut_Rnd1_mCherry_neg,ATC,701,1247015,0.0005621423960417476
Mut_Rnd1_mCherry_neg,AAT,576,1247015,0.0004619030244223205
Mut_Rnd1_mCherry_neg,GGT,572,1247015,0.00045869536453049884
Mut_Rnd1_mCherry_neg,GTT,517,1247015,0.00041459004101795086
Mut_Rnd1_mCherry_neg,GCT,489,1247015,0.0003921364217751992
Mut_Rnd1_mCherry_neg,CGG,358,1247015,0.0002870855603180395
Mut_Rnd1_mCherry_neg,CTC,344,1247015,0.00027585875069666366
Mut_Rnd1_mCherry_neg,GGG,286,1247015,0.00022934768226524942
Mut_Rnd1_mCherry_neg,GAA,271,1247015,0.00021731895767091816
Mut_Rnd1_mCherry_neg,AGG,270,1247015,0.00021651704269796273
Mut_Rnd1_mCherry_neg,AGT,263,1247015,0.00021090363788727482
Mut_Rnd1_mCherry_neg,GTG,233,1247015,0.0001868461886986123
Mut_Rnd1_mCherry_neg,CCC,215,1247015,0.00017241171918541478
Mut_Rnd1_mCherry_neg,AGC,210,1247015,0.0001684021443206377
Mut_Rnd1_mCherry_neg,TGA,178,1247015,0.00014274086518606432
Mut_Rnd1_mCherry_neg,GCG,171,1247015,0.0001371274603753764
Mut_Rnd1_mCherry_neg,GCC,168,1247015,0.00013472171545651014
Mut_Rnd1_mCherry_neg,TCC,147,1247015,0.00011788150102444638
Mut_Rnd1_mCherry_neg,ACG,145,1247015,0.00011627767107853554
Mut_Rnd1_mCherry_neg,TTG,139,1247015,0.00011146618124080304
Mut_Rnd1_mCherry_neg,ACA,134,1247015,0.00010745660637602595
Mut_Rnd1_mCherry_neg,TTC,130,1247015,0.00010424894648420428
Mut_Rnd1_mCherry_neg,ACC,119,1247015,9.542788178169469e-05
Mut_Rnd1_mCherry_neg,TCA,119,1247015,9.542788178169469e-05
Mut_Rnd1_mCherry_neg,CTG,91,1247015,7.2974262538943e-05
Mut_Rnd1_mCherry_neg,CGA,83,1247015,6.655894275529966e-05
Mut_Rnd1_mCherry_neg,ATA,65,1247015,5.212447324210214e-05
Mut_Rnd1_mCherry_neg,TCG,56,1247015,4.490723848550338e-05
Mut_Rnd1_mCherry_neg,GTA,53,1247015,4.250149356663713e-05
Mut_Rnd1_mCherry_neg,CCA,46,1247015,3.688808875594921e-05
Mut_Rnd1_mCherry_neg,CCG,41,1247015,3.287851389117212e-05
Mut_Rnd1_mCherry_neg,TAA,39,1247015,3.1274683945261285e-05
Mut_Rnd1_mCherry_neg,CAA,35,1247015,2.8067024053439613e-05
Mut_Rnd1_mCherry_neg,AAA,32,1247015,2.5661279134573363e-05
Mut_Rnd1_mCherry_neg,CTA,8,1247015,6.415319783643341e-06
Mut_Rnd1_mCherry_neg,TTA,5,1247015,4.0095748647770875e-06
Mut_Rnd1_mCherry_pos,CCT,101606,1456164,0.06977648122052187
Mut_Rnd1_mCherry_pos,ATG,93086,1456164,0.06392549190887839
Mut_Rnd1_mCherry_pos,CGC,89707,1456164,0.06160501152342731
Mut_Rnd1_mCherry_pos,CAG,89088,1456164,0.06117992204174805
Mut_Rnd1_mCherry_pos,GAT,77416,1456164,0.05316434137913037
Mut_Rnd1_mCherry_pos,AAG,76504,1456164,0.05253803829788403
Mut_Rnd1_mCherry_pos,TCT,73835,1456164,0.05070514035506989
Mut_Rnd1_mCherry_pos,CTT,72695,1456164,0.049922261503511964
Mut_Rnd1_mCherry_pos,TTT,71340,1456164,0.04899173444749355
Mut_Rnd1_mCherry_pos,ATT,70216,1456164,0.04821984336929082
Mut_Rnd1_mCherry_pos,ACT,67577,1456164,0.04640754750151769
Mut_Rnd1_mCherry_pos,CAC,67480,1456164,0.04634093412555179
Mut_Rnd1_mCherry_pos,TAC,62001,1456164,0.042578308487230834
Mut_Rnd1_mCherry_pos,AAC,61665,1456164,0.042347565246771655
Mut_Rnd1_mCherry_pos,GCA,61431,1456164,0.042186869061451866
Mut_Rnd1_mCherry_pos,TGT,53767,1456164,0.036923725624311544
Mut_Rnd1_mCherry_pos,GTC,53725,1456164,0.03689488271925415
Mut_Rnd1_mCherry_pos,TGG,50893,1456164,0.03495004683538393
Mut_Rnd1_mCherry_pos,TAG,50859,1456164,0.03492669781700413
Mut_Rnd1_mCherry_pos,AGA,29630,1456164,0.020347982782159154
Mut_Rnd1_mCherry_pos,GAG,28840,1456164,0.019805461472746203
Mut_Rnd1_mCherry_pos,GGA,28655,1456164,0.019678415343326712
Mut_Rnd1_mCherry_pos,GAC,7403,1456164,0.0050839053842836384
Mut_Rnd1_mCherry_pos,ATC,1980,1456164,0.0013597369527058765
Mut_Rnd1_mCherry_pos,CGT,1383,1456164,0.0009497556593900138
Mut_Rnd1_mCherry_pos,CAT,1234,1456164,0.000847432020019723
Mut_Rnd1_mCherry_pos,TAT,1141,1456164,0.0007835655873926289
Mut_Rnd1_mCherry_pos,GCT,884,1456164,0.0006070744778747449
Mut_Rnd1_mCherry_pos,AAT,776,1456164,0.0005329070077271516
Mut_Rnd1_mCherry_pos,TGC,712,1456164,0.0004889559143063556
Mut_Rnd1_mCherry_pos,GTT,686,1456164,0.0004711007826041572
Mut_Rnd1_mCherry_pos,CTC,574,1456164,0.0003941863691177642
Mut_Rnd1_mCherry_pos,AGG,565,1456164,0.00038800574660546476
Mut_Rnd1_mCherry_pos,CCC,516,1456164,0.0003543556907051678
Mut_Rnd1_mCherry_pos,CGG,499,1456164,0.00034268118151526886
Mut_Rnd1_mCherry_pos,GGT,399,1456164,0.00027400759804527513
Mut_Rnd1_mCherry_pos,GTG,384,1456164,0.00026370656052477606
Mut_Rnd1_mCherry_pos,AGC,368,1456164,0.00025271878716957705
Mut_Rnd1_mCherry_pos,GGG,363,1456164,0.0002492851079960774
Mut_Rnd1_mCherry_pos,ACC,314,1456164,0.00021563505209578043
Mut_Rnd1_mCherry_pos,TTC,311,1456164,0.0002135748445916806
Mut_Rnd1_mCherry_pos,GCC,302,1456164,0.00020739422207938116
Mut_Rnd1_mCherry_pos,ACG,298,1456164,0.00020464727874058142
Mut_Rnd1_mCherry_pos,TCC,278,1456164,0.00019091256204658267
Mut_Rnd1_mCherry_pos,GAA,238,1456164,0.00016344312865858516
Mut_Rnd1_mCherry_pos,AAA,236,1456164,0.0001620696569891853
Mut_Rnd1_mCherry_pos,GCG,235,1456164,0.00016138292115448535
Mut_Rnd1_mCherry_pos,TTG,206,1456164,0.00014146758194818714
Mut_Rnd1_mCherry_pos,AGT,202,1456164,0.0001387206386093874
Mut_Rnd1_mCherry_pos,CTG,191,1456164,0.0001311665444276881
Mut_Rnd1_mCherry_pos,ACA,186,1456164,0.0001277328652541884
Mut_Rnd1_mCherry_pos,GGC,176,1456164,0.00012086550690718902
Mut_Rnd1_mCherry_pos,TCA,144,1456164,9.888996019679102e-05
Mut_Rnd1_mCherry_pos,TGA,142,1456164,9.751648852739114e-05
Mut_Rnd1_mCherry_pos,GTA,129,1456164,8.858892267629195e-05
Mut_Rnd1_mCherry_pos,ATA,123,1456164,8.446850766809233e-05
Mut_Rnd1_mCherry_pos,CCA,114,1456164,7.828788515579289e-05
Mut_Rnd1_mCherry_pos,CGA,110,1456164,7.554094181699314e-05
Mut_Rnd1_mCherry_pos,CCG,96,1456164,6.592664013119402e-05
Mut_Rnd1_mCherry_pos,TCG,94,1456164,6.455316846179413e-05
Mut_Rnd1_mCherry_pos,CAA,91,1456164,6.249296095769433e-05
Mut_Rnd1_mCherry_pos,TAA,46,1456164,3.158984839619713e-05
Mut_Rnd1_mCherry_pos,CTA,10,1456164,6.867358346999376e-06
Mut_Rnd1_mCherry_pos,TTA,9,1456164,6.180622512299439e-06
Mut_Rnd2_mCherry_neg,GAC,280350,769030,0.3645501475885206
Mut_Rnd2_mCherry_neg,TGT,121374,769030,0.15782739294955983
Mut_Rnd2_mCherry_neg,GAT,49232,769030,0.06401830877859122
Mut_Rnd2_mCherry_neg,CGC,29031,769030,0.03775015278987816
Mut_Rnd2_mCherry_neg,TAG,22229,769030,0.028905244268754144
Mut_Rnd2_mCherry_neg,ATT,22168,769030,0.02882592356605074
Mut_Rnd2_mCherry_neg,CAG,20227,769030,0.026301964812816145
Mut_Rnd2_mCherry_neg,CAC,20190,769030,0.026253852255438668
Mut_Rnd2_mCherry_neg,ATG,19245,769030,0.02502503153323017
Mut_Rnd2_mCherry_neg,GAG,19221,769030,0.024993823387904242
Mut_Rnd2_mCherry_neg,TGG,17347,769030,0.022556987373704537
Mut_Rnd2_mCherry_neg,GCA,16458,769030,0.021400985657256545
Mut_Rnd2_mCherry_neg,TCT,16004,769030,0.020810631574841032
Mut_Rnd2_mCherry_neg,CTT,15145,769030,0.019693640040050454
Mut_Rnd2_mCherry_neg,CCT,14252,769030,0.01853243696604814
Mut_Rnd2_mCherry_neg,AAC,14147,769030,0.018395901330247193
Mut_Rnd2_mCherry_neg,TTT,13631,769030,0.017724926205739698
Mut_Rnd2_mCherry_neg,ACT,13359,769030,0.017371233892045822
Mut_Rnd2_mCherry_neg,AAG,9770,769030,0.012704315826430699
Mut_Rnd2_mCherry_neg,TAC,9080,769030,0.011807081648310208
Mut_Rnd2_mCherry_neg,GGA,6690,769030,0.008699270509603006
Mut_Rnd2_mCherry_neg,GTC,6537,769030,0.008500318583150202
Mut_Rnd2_mCherry_neg,AGA,6530,769030,0.00849121620743014
Mut_Rnd2_mCherry_neg,GGC,1155,769030,0.0015018919938103845
Mut_Rnd2_mCherry_neg,TGC,786,769030,0.0010220667594242098
Mut_Rnd2_mCherry_neg,CGT,664,769030,0.0008634253540173985
Mut_Rnd2_mCherry_neg,TAT,637,769030,0.0008283161905257272
Mut_Rnd2_mCherry_neg,CAT,337,769030,0.0004382143739516014
Mut_Rnd2_mCherry_neg,GCT,287,769030,0.0003731974045225804
Mut_Rnd2_mCherry_neg,GGT,259,769030,0.00033678790164232863
Mut_Rnd2_mCherry_neg,AAT,251,769030,0.0003263851865336853
Mut_Rnd2_mCherry_neg,GTT,240,769030,0.00031208145325930067
Mut_Rnd2_mCherry_neg,ATC,210,769030,0.0002730712716018881
Mut_Rnd2_mCherry_neg,GAA,210,769030,0.0002730712716018881
Mut_Rnd2_mCherry_neg,GCC,177,769030,0.00023016007177873425
Mut_Rnd2_mCherry_neg,CTC,160,769030,0.00020805430217286713
Mut_Rnd2_mCherry_neg,AGT,146,769030,0.00018984955073274125
Mut_Rnd2_mCherry_neg,AGC,112,769030,0.00014563801152100698
Mut_Rnd2_mCherry_neg,GGG,106,769030,0.00013783597518952445
Mut_Rnd2_mCherry_neg,CCC,102,769030,0.0001326346176352028
Mut_Rnd2_mCherry_neg,AGG,97,769030,0.00012613292069230068
Mut_Rnd2_mCherry_neg,TGA,95,769030,0.00012353224191513984
Mut_Rnd2_mCherry_neg,GTG,93,769030,0.00012093156313797901
Mut_Rnd2_mCherry_neg,CGG,90,769030,0.00011703054497223776
Mut_Rnd2_mCherry_neg,TTG,54,769030,7.021832698334265e-05
Mut_Rnd2_mCherry_neg,ACA,51,769030,6.63173088176014e-05
Mut_Rnd2_mCherry_neg,TCA,49,769030,6.371663004044055e-05
Mut_Rnd2_mCherry_neg,TTC,49,769030,6.371663004044055e-05
Mut_Rnd2_mCherry_neg,ACG,46,769030,5.9815611874699293e-05
Mut_Rnd2_mCherry_neg,ACC,44,769030,5.7214933097538456e-05
Mut_Rnd2_mCherry_neg,GCG,41,769030,5.33139149317972e-05
Mut_Rnd2_mCherry_neg,TCC,41,769030,5.33139149317972e-05
Mut_Rnd2_mCherry_neg,CGA,40,769030,5.201357554321678e-05
Mut_Rnd2_mCherry_neg,CTG,36,769030,4.68122179888951e-05
Mut_Rnd2_mCherry_neg,GTA,29,769030,3.770984226883217e-05
Mut_Rnd2_mCherry_neg,TCG,23,769030,2.9907805937349647e-05
Mut_Rnd2_mCherry_neg,CCA,20,769030,2.600678777160839e-05
Mut_Rnd2_mCherry_neg,AAA,18,769030,2.340610899444755e-05
Mut_Rnd2_mCherry_neg,ATA,16,769030,2.080543021728671e-05
Mut_Rnd2_mCherry_neg,CCG,13,769030,1.6904412051545455e-05
Mut_Rnd2_mCherry_neg,TAA,13,769030,1.6904412051545455e-05
Mut_Rnd2_mCherry_neg,CAA,9,769030,1.1703054497223775e-05
Mut_Rnd2_mCherry_neg,CTA,4,769030,5.2013575543216775e-06
Mut_Rnd2_mCherry_neg,TTA,3,769030,3.901018165741258e-06
Mut_Rnd2_mCherry_pos,TGT,189960,1160114,0.16374252875148476
Mut_Rnd2_mCherry_pos,GAC,178642,1160114,0.1539865909729561
Mut_Rnd2_mCherry_pos,GAT,77287,1160114,0.06662017698260689
Mut_Rnd2_mCherry_pos,CGC,70734,1160114,0.06097159417091769
Mut_Rnd2_mCherry_pos,TAG,55797,1160114,0.048096135379798885
Mut_Rnd2_mCherry_pos,ATT,53003,1160114,0.04568775137615786
Mut_Rnd2_mCherry_pos,CAC,46401,1160114,0.039996931336058354
Mut_Rnd2_mCherry_pos,TGG,42150,1160114,0.03633263627540052
Mut_Rnd2_mCherry_pos,ATG,41730,1160114,0.035970602889026426
Mut_Rnd2_mCherry_pos,CAG,41713,1160114,0.035955949156720804
Mut_Rnd2_mCherry_pos,GCA,39242,1160114,0.03382598606688653
Mut_Rnd2_mCherry_pos,CTT,34080,1160114,0.029376423351498215
Mut_Rnd2_mCherry_pos,CCT,33633,1160114,0.028991116390285784
Mut_Rnd2_mCherry_pos,ACT,32993,1160114,0.02843944646819192
Mut_Rnd2_mCherry_pos,GAG,32904,1160114,0.02836272986965074
Mut_Rnd2_mCherry_pos,AAC,31574,1160114,0.027216290812799433
Mut_Rnd2_mCherry_pos,TCT,30413,1160114,0.026215527094751032
Mut_Rnd2_mCherry_pos,TTT,28860,1160114,0.024876865549420143
Mut_Rnd2_mCherry_pos,TAC,21715,1160114,0.018717988059794122
Mut_Rnd2_mCherry_pos,AAG,20847,1160114,0.01796978572795432
Mut_Rnd2_mCherry_pos,GGA,17185,1160114,0.014813199392473499
Mut_Rnd2_mCherry_pos,AGA,14666,1160114,0.012641861058482183
Mut_Rnd2_mCherry_pos,GTC,12297,1160114,0.010599820362481619
Mut_Rnd2_mCherry_pos,ATC,1703,1160114,0.0014679591833216391
Mut_Rnd2_mCherry_pos,TGC,1178,1160114,0.001015417450354017
Mut_Rnd2_mCherry_pos,CGT,1065,1160114,0.0009180132297343192
Mut_Rnd2_mCherry_pos,TAT,1016,1160114,0.0008757760013240078
Mut_Rnd2_mCherry_pos,GGC,954,1160114,0.0008223329776211648
Mut_Rnd2_mCherry_pos,CAT,556,1160114,0.00047926324481904363
Mut_Rnd2_mCherry_pos,GGT,542,1160114,0.0004671954652732404
Mut_Rnd2_mCherry_pos,GCT,437,1160114,0.00037668711867971596
Mut_Rnd2_mCherry_pos,CGG,391,1160114,0.0003370358430292195
Mut_Rnd2_mCherry_pos,AAT,387,1160114,0.0003335879060161329
Mut_Rnd2_mCherry_pos,GTT,385,1160114,0.00033186393750958955
Mut_Rnd2_mCherry_pos,GGG,278,1160114,0.00023963162240952181
Mut_Rnd2_mCherry_pos,CTC,276,1160114,0.0002379076539029785
Mut_Rnd2_mCherry_pos,AGC,243,1160114,0.00020946217354501367
Mut_Rnd2_mCherry_pos,GAA,223,1160114,0.00019222248847958046
Mut_Rnd2_mCherry_pos,CCC,221,1160114,0.00019049851997303714
Mut_Rnd2_mCherry_pos,AGG,213,1160114,0.00018360264594686384
Mut_Rnd2_mCherry_pos,AGT,201,1160114,0.0001732588349076039
Mut_Rnd2_mCherry_pos,GTG,201,1160114,0.0001732588349076039
Mut_Rnd2_mCherry_pos,GCG,156,1160114,0.00013446954351037916
Mut_Rnd2_mCherry_pos,TGA,150,1160114,0.00012929763799074918
Mut_Rnd2_mCherry_pos,GCC,145,1160114,0.00012498771672439087
Mut_Rnd2_mCherry_pos,TTC,145,1160114,0.00012498771672439087
Mut_Rnd2_mCherry_pos,ACG,138,1160114,0.00011895382695148924
Mut_Rnd2_mCherry_pos,TTG,136,1160114,0.00011722985844494593
Mut_Rnd2_mCherry_pos,TCA,114,1160114,9.826620487296938e-05
Mut_Rnd2_mCherry_pos,TCC,107,1160114,9.223231510006775e-05
Mut_Rnd2_mCherry_pos,ACA,103,1160114,8.878437808698111e-05
Mut_Rnd2_mCherry_pos,ACC,101,1160114,8.706040958043779e-05
Mut_Rnd2_mCherry_pos,CTG,83,1160114,7.154469302154788e-05
Mut_Rnd2_mCherry_pos,CGA,70,1160114,6.0338897729016285e-05
Mut_Rnd2_mCherry_pos,GTA,64,1160114,5.516699220938632e-05
Mut_Rnd2_mCherry_pos,TCG,57,1160114,4.913310243648469e-05
Mut_Rnd2_mCherry_pos,ATA,56,1160114,4.827111818321303e-05
Mut_Rnd2_mCherry_pos,CCA,49,1160114,4.22372284103114e-05
Mut_Rnd2_mCherry_pos,TAA,48,1160114,4.1375244157039736e-05
Mut_Rnd2_mCherry_pos,CCG,33,1160114,2.844548035796482e-05
Mut_Rnd2_mCherry_pos,AAA,29,1160114,2.4997543344878175e-05
Mut_Rnd2_mCherry_pos,CAA,25,1160114,2.154960633179153e-05
Mut_Rnd2_mCherry_pos,TTA,5,1160114,4.309921266358306e-06
Mut_Rnd2_mCherry_pos,CTA,4,1160114,3.447937013086645e-06
WT_NS5_Sample,GAT,1528491,1570693,0.9731316049667249
WT_NS5_Sample,AAT,10210,1570693,0.006500315465848514
WT_NS5_Sample,GAC,7780,1570693,0.00495322765174353
WT_NS5_Sample,GGT,5805,1570693,0.0036958208892507957
WT_NS5_Sample,TAT,2222,1570693,0.0014146621905108128
WT_NS5_Sample,GAG,1635,1570693,0.0010409418008484152
WT_NS5_Sample,CAT,1563,1570693,0.0009951021619119713
WT_NS5_Sample,TGT,1426,1570693,0.0009078795156023488
WT_NS5_Sample,ATT,1144,1570693,0.0007283409297679431
WT_NS5_Sample,GCT,1132,1570693,0.0007207009899452025
WT_NS5_Sample,GTT,990,1570693,0.0006302950353761047
WT_NS5_Sample,CAC,789,1570693,0.0005023260433451986
WT_NS5_Sample,CGC,611,1570693,0.00038900026930787875
WT_NS5_Sample,CAG,586,1570693,0.0003730837280105024
WT_NS5_Sample,TAG,553,1570693,0.00035207389349796556
WT_NS5_Sample,CCT,539,1570693,0.00034316063037143475
WT_NS5_Sample,AAC,529,1570693,0.0003367940138524842
WT_NS5_Sample,CTT,485,1570693,0.0003087809011691018
WT_NS5_Sample,AAG,482,1570693,0.0003068709162134166
WT_NS5_Sample,ATG,478,1570693,0.00030432426960583643
WT_NS5_Sample,GCA,415,1570693,0.0002642145855364479
WT_NS5_Sample,ACT,382,1570693,0.0002432047510239111
WT_NS5_Sample,TTT,360,1570693,0.0002291981946822199
WT_NS5_Sample,GAA,341,1570693,0.00021710162329621383
WT_NS5_Sample,TAC,323,1570693,0.00020564171356210283
WT_NS5_Sample,TCT,322,1570693,0.0002050050519102078
WT_NS5_Sample,TGG,272,1570693,0.00017317196931545504
WT_NS5_Sample,GGA,169,1570693,0.00010759581917026434
WT_NS5_Sample,AGA,166,1570693,0.00010568583421457917
WT_NS5_Sample,GTC,157,1570693,9.995587934752367e-05
WT_NS5_Sample,CGT,134,1570693,8.53126613539374e-05
WT_NS5_Sample,AGT,56,1570693,3.565305250612309e-05
WT_NS5_Sample,GGC,47,1570693,2.9923097639067595e-05
WT_NS5_Sample,GTG,34,1570693,2.164649616443188e-05
WT_NS5_Sample,GGG,18,1570693,1.1459909734110994e-05
WT_NS5_Sample,AAA,11,1570693,7.003278170845608e-06
WT_NS5_Sample,ATC,6,1570693,3.819969911370332e-06
WT_NS5_Sample,CAA,5,1570693,3.183308259475276e-06
WT_NS5_Sample,TGC,5,1570693,3.183308259475276e-06
WT_NS5_Sample,GCC,4,1570693,2.546646607580221e-06
WT_NS5_Sample,CTC,3,1570693,1.909984955685166e-06
WT_NS5_Sample,ACC,2,1570693,1.2733233037901105e-06
WT_NS5_Sample,AGC,2,1570693,1.2733233037901105e-06
WT_NS5_Sample,TTC,2,1570693,1.2733233037901105e-06
WT_NS5_Sample,ACA,1,1570693,6.366616518950553e-07
WT_NS5_Sample,ACG,1,1570693,6.366616518950553e-07
WT_NS5_Sample,AGG,1,1570693,6.366616518950553e-07
WT_NS5_Sample,ATA,1,1570693,6.366616518950553e-07
WT_NS5_Sample,CCC,1,1570693,6.366616518950553e-07
WT_NS5_Sample,CGG,1,1570693,6.366616518950553e-07
WT_NS5_Sample,TCC,1,1570693,6.366616518950553e-07
WT_Plasmid,GAT,1232751,1252431,0.9842865594990862
WT_Plasmid,GAC,5251,1252431,0.0041926461417834595
WT_Plasmid,GGT,1870,1252431,0.001493096226458783
WT_Plasmid,TAT,1612,1252431,0.0012870968540382665
WT_Plasmid,TGT,1225,1252431,0.0009780977954074914
WT_Plasmid,GAG,1134,1252431,0.0009054391020343636
WT_Plasmid,AAT,1038,1252431,0.0008287881727616132
WT_Plasmid,CAT,951,1252431,0.0007593232681081832
WT_Plasmid,GTT,709,1252431,0.0005660990505664584
WT_Plasmid,GCT,669,1252431,0.0005341611633694791
WT_Plasmid,ATT,626,1252431,0.0004998279346327262
WT_Plasmid,CAC,531,1252431,0.0004239754525399004
WT_Plasmid,CAG,367,1252431,0.0002930301150322852
WT_Plasmid,TAG,335,1252431,0.0002674798052747018
WT_Plasmid,CGC,318,1252431,0.0002539062032159856
WT_Plasmid,AAC,295,1252431,0.00023554191807772243
WT_Plasmid,CCT,247,1252431,0.00019721645344134727
WT_Plasmid,ATG,238,1252431,0.00019003042882202693
WT_Plasmid,GAA,236,1252431,0.00018843353446217797
WT_Plasmid,CTT,235,1252431,0.00018763508728225346
WT_Plasmid,TTT,233,1252431,0.0001860381929224045
WT_Plasmid,AAG,224,1252431,0.00017885216830308416
WT_Plasmid,GCA,207,1252431,0.00016527856624436795
WT_Plasmid,ACT,194,1252431,0.00015489875290534969
WT_Plasmid,TCT,182,1252431,0.00014531738674625587
WT_Plasmid,TAC,153,1252431,0.00012216241852844588
WT_Plasmid,TGG,134,1252431,0.0001069919221098807
WT_Plasmid,GGA,106,1252431,8.463540107199519e-05
WT_Plasmid,GTC,105,1252431,8.383695389207071e-05
WT_Plasmid,CGT,87,1252431,6.946490465343e-05
WT_Plasmid,AGA,80,1252431,6.387577439395863e-05
WT_Plasmid,AGT,27,1252431,2.1558073857961037e-05
WT_Plasmid,GTG,17,1252431,1.3573602058716209e-05
WT_Plasmid,GGC,15,1252431,1.1976707698867243e-05
WT_Plasmid,GGG,7,1252431,5.58913025947138e-06
WT_Plasmid,AAA,6,1252431,4.790683079546897e-06
WT_Plasmid,CGG,3,1252431,2.3953415397734484e-06
WT_Plasmid,ACG,2,1252431,1.5968943598489658e-06
WT_Plasmid,ATC,2,1252431,1.5968943598489658e-06
WT_Plasmid,TGA,2,1252431,1.5968943598489658e-06
WT_Plasmid,AGG,1,1252431,7.984471799244829e-07
WT_Plasmid,CAA,1,1252431,7.984471799244829e-07
WT_Plasmid,CCC,1,1252431,7.984471799244829e-07
WT_Plasmid,CGA,1,1252431,7.984471799244829e-07
WT_Plasmid,GCC,1,1252431,7.984471799244829e-07
WT_Plasmid,TGC,1,1252431,7.984471799244829e-07
WT_Plasmid,TTG,1,1252431,7.984471799244829e-07
