codon,count_selected,count_pseudo_selected,count_reference,count_pseudo_reference,enrichment
ATT,169080,169080.1,53527,53527.1,1.0557141091309097
CGC,162366,162366.1,63907,63907.1,0.7415509562538767
TAG,136769,136769.1,43224,43224.1,1.058183127306639
CCT,112566,112566.1,66755,66755.1,0.15017108561652476
ATG,110051,110051.1,57153,57153.1,0.34161854340152054
CTT,105630,105630.1,51824,51824.1,0.42367457234560146
AAG,96947,96947.1,32763,32763.1,0.9614745097431042
TGG,91857,91857.1,33973,33973.1,0.8313470047578524
CAG,85729,85729.1,96987,96987.1,-0.7816592374723591
GAT,79826,79826.1,4922,4922.1,3.4158632901404844
GCA,69414,69414.1,55272,55272.1,-0.2749740460084358
AAC,67651,67651.1,48558,48558.1,-0.12524994420249147
ACT,63328,63328.1,51829,51829.1,-0.3145679105536893
TAC,60495,60495.1,37801,37801.1,0.07473870995783348
TTT,60438,60438.1,55203,55203.1,-0.4729423429094731
CAC,57928,57928.1,69277,69277.1,-0.8617665567235648
TGT,56610,56610.1,67347,67347.1,-0.8542077160104177
TCT,53026,53026.1,50883,50883.1,-0.5441352882384565
GTC,44039,44039.1,40006,40006.1,-0.4650863727848849
GGA,41936,41936.1,28541,28541.1,-0.048499603958928404
AGA,37599,37599.1,18960,18960.1,0.38408019123076637
GAG,20142,20142.1,75573,75573.1,-2.5113100620197804
GAC,7427,7427.1,76465,76465.1,-3.9675818829506424
TAT,1266,1266.1,812,812.1,0.0370106995357859
CAT,1201,1201.1,1028,1028.1,-0.3792756914626927
CGT,1072,1072.1,496,496.1,0.5080852526394608
AAT,989,989.1,499,499.1,0.3831361195924297
ATC,936,936.1,346,346.1,0.8318223498601907
GTT,914,914.1,429,429.1,0.48738673536163446
GCT,880,880.1,572,572.1,0.01774874838455483
TGC,804,804.1,510,510.1,0.05294346489517015
AGG,793,793.1,156,156.1,1.7413808816025893
CTC,780,780.1,319,319.1,0.6859991001072625
CGG,718,718.1,254,254.1,0.8951370228251738
CCC,669,669.1,253,253.1,0.7988629724877658
AGC,510,510.1,142,142.1,1.2402221818565409
GGT,475,475.1,179,179.1,0.8038145051272612
GTG,412,412.1,183,183.1,0.5667113081855407
GGG,360,360.1,219,219.1,0.11315675090243668
ACG,323,323.1,144,144.1,0.5612590507929947
TTG,307,307.1,170,170.1,0.24867400701486814
GCG,278,278.1,113,113.1,0.6943534510592448
TTC,276,276.1,156,156.1,0.21906898631253902
AGT,265,265.1,130,130.1,0.4232643438518417
GAA,261,261.1,273,273.1,-0.6684782207500661
TGA,248,248.1,138,138.1,0.2415570513367583
ACC,244,244.1,135,135.1,0.24979325615784773
TCC,243,243.1,132,132.1,0.27626806248427943
GCC,242,242.1,140,140.1,0.18549475927049658
GGC,199,199.1,267,267.1,-1.027538119212229
CTG,192,192.1,185,185.1,-0.5500987405026687
TCA,178,178.1,156,156.1,-0.4134343851739117
ACA,174,174.1,128,128.1,-0.1610056369881671
ATA,170,170.1,57,57.1,0.9711691260029205
CGA,164,164.1,90,90.1,0.2613248634025526
CAA,156,156.1,54,54.1,0.9251186738534717
GTA,137,137.1,86,86.1,0.06749206408476016
TCG,118,118.1,58,58.1,0.4197475316950067
AAA,114,114.1,34,34.1,1.1388037829668876
TAA,112,112.1,24,24.1,1.6140298622778435
CCA,107,107.1,72,72.1,-0.032764048788188185
CCG,69,69.1,74,74.1,-0.7044391962151972
CTA,25,25.1,12,12.1,0.44902895237855583
TTA,13,13.1,6,6.1,0.4990342996769422
