sample_name,codon,count,sample_total,frequency,letter
Mut_NS5_Sample,GGT,2378,14992,0.15861792956243329,G
Mut_NS5_Sample,GAG,1754,14992,0.1169957310565635,E
Mut_NS5_Sample,GAC,1286,14992,0.08577908217716115,D
Mut_NS5_Sample,ATG,1064,14992,0.07097118463180363,M
Mut_NS5_Sample,CAG,983,14992,0.06556830309498399,Q
Mut_NS5_Sample,TGA,888,14992,0.059231590181430094,O
Mut_NS5_Sample,AGC,835,14992,0.055696371398078974,S
Mut_NS5_Sample,TGG,717,14992,0.04782550693703309,W
Mut_NS5_Sample,GCC,622,14992,0.041488794023479186,A
Mut_NS5_Sample,CCC,521,14992,0.03475186766275347,P
Mut_NS5_Sample,CTG,521,14992,0.03475186766275347,L
Mut_NS5_Sample,CAC,489,14992,0.03261739594450373,H
Mut_NS5_Sample,AAG,458,14992,0.030549626467449305,K
Mut_NS5_Sample,AAC,453,14992,0.030216115261472786,N
Mut_NS5_Sample,ATC,383,14992,0.025546958377801493,I
Mut_NS5_Sample,AGA,335,14992,0.022345250800426895,R
Mut_NS5_Sample,ACC,309,14992,0.020610992529348986,T
Mut_NS5_Sample,TGC,302,14992,0.020144076840981857,C
Mut_NS5_Sample,GTG,253,14992,0.016875667022411955,V
Mut_NS5_Sample,TAC,237,14992,0.015808431163287087,Y
Mut_NS5_Sample,TTC,204,14992,0.013607257203842048,F
Mut_Plasmid,GAG,2168,14119,0.1535519512713365,E
Mut_Plasmid,GGT,1598,14119,0.11318082017140024,G
Mut_Plasmid,GAC,1210,14119,0.08570012040512784,D
Mut_Plasmid,CAG,1062,14119,0.07521779162830229,Q
Mut_Plasmid,AAC,670,14119,0.04745378567887244,N
Mut_Plasmid,TGA,666,14119,0.04717047949571499,O
Mut_Plasmid,ATC,569,14119,0.0403003045541469,I
Mut_Plasmid,CTG,557,14119,0.03945038600467455,L
Mut_Plasmid,CCC,533,14119,0.03775054890572987,P
Mut_Plasmid,ACC,521,14119,0.03690063035625753,T
Mut_Plasmid,GCC,506,14119,0.035838232169417096,A
Mut_Plasmid,CAC,462,14119,0.03272186415468518,H
Mut_Plasmid,ATG,460,14119,0.032580211063106455,M
Mut_Plasmid,AGA,451,14119,0.0319427721510022,R
Mut_Plasmid,TGG,441,14119,0.031234506693108576,W
Mut_Plasmid,TAC,440,14119,0.031163680147319215,Y
Mut_Plasmid,TGC,438,14119,0.031022027055740493,C
Mut_Plasmid,AAG,380,14119,0.026914087399957504,K
Mut_Plasmid,TTC,362,14119,0.02563920957574899,F
Mut_Plasmid,GTG,334,14119,0.02365606629364686,V
Mut_Plasmid,AGC,291,14119,0.0206105248247043,S
Mut_Rnd1_mCherry_neg,GGT,2137,9256,0.2308772687986171,G
Mut_Rnd1_mCherry_neg,GAG,1305,9256,0.1409896283491789,E
Mut_Rnd1_mCherry_neg,GAC,1180,9256,0.1274848746758859,D
Mut_Rnd1_mCherry_neg,TGA,483,9256,0.052182368193604146,O
Mut_Rnd1_mCherry_neg,TAC,423,9256,0.04570008643042351,Y
Mut_Rnd1_mCherry_neg,ATC,402,9256,0.043431287813310286,I
Mut_Rnd1_mCherry_neg,CAG,390,9256,0.042134831460674156,Q
Mut_Rnd1_mCherry_neg,TTC,388,9256,0.04191875540190147,F
Mut_Rnd1_mCherry_neg,AAG,382,9256,0.04127052722558341,K
Mut_Rnd1_mCherry_neg,ACC,275,9256,0.029710458081244596,T
Mut_Rnd1_mCherry_neg,CTG,244,9256,0.026361279170267933,L
Mut_Rnd1_mCherry_neg,GCC,242,9256,0.026145203111495246,A
Mut_Rnd1_mCherry_neg,AGA,241,9256,0.026037165082108904,R
Mut_Rnd1_mCherry_neg,ATG,237,9256,0.025605012964563526,M
Mut_Rnd1_mCherry_neg,CAC,202,9256,0.021823681936041485,H
Mut_Rnd1_mCherry_neg,AGC,201,9256,0.021715643906655143,S
Mut_Rnd1_mCherry_neg,TGC,197,9256,0.021283491789109765,C
Mut_Rnd1_mCherry_neg,AAC,186,9256,0.020095073465859984,N
Mut_Rnd1_mCherry_neg,GTG,84,9256,0.009075194468452896,V
Mut_Rnd1_mCherry_neg,TGG,57,9256,0.006158167675021608,W
Mut_Rnd1_mCherry_pos,GGT,1600,13535,0.11821204285186554,G
Mut_Rnd1_mCherry_pos,GAC,1242,13535,0.09176209826376062,D
Mut_Rnd1_mCherry_pos,GAG,1101,13535,0.08134466198743998,E
Mut_Rnd1_mCherry_pos,CAC,878,13535,0.06486885851496121,H
Mut_Rnd1_mCherry_pos,GCC,865,13535,0.0639083856667898,A
Mut_Rnd1_mCherry_pos,TGA,848,13535,0.06265238271148874,O
Mut_Rnd1_mCherry_pos,ATC,786,13535,0.058071666050978944,I
Mut_Rnd1_mCherry_pos,TGG,763,13535,0.056372367934983375,W
Mut_Rnd1_mCherry_pos,ATG,692,13535,0.05112670853343184,M
Mut_Rnd1_mCherry_pos,CTG,669,13535,0.04942741041743628,L
Mut_Rnd1_mCherry_pos,GTG,650,13535,0.04802364240857037,V
Mut_Rnd1_mCherry_pos,CCC,515,13535,0.03804950129294422,P
Mut_Rnd1_mCherry_pos,TTC,463,13535,0.03420760990025859,F
Mut_Rnd1_mCherry_pos,TAC,449,13535,0.033173254525304764,Y
Mut_Rnd1_mCherry_pos,TGC,443,13535,0.03272995936461027,C
Mut_Rnd1_mCherry_pos,AGA,439,13535,0.03243442925748061,R
Mut_Rnd1_mCherry_pos,CAG,348,13535,0.025711119320280754,Q
Mut_Rnd1_mCherry_pos,AAG,283,13535,0.020908755079423715,K
Mut_Rnd1_mCherry_pos,AAC,257,13535,0.0189878093830809,N
Mut_Rnd1_mCherry_pos,ACC,139,13535,0.010269671222755818,T
Mut_Rnd1_mCherry_pos,AGC,105,13535,0.007757665312153676,S
WT_NS5_Sample,GGT,2190,8504,0.2575258701787394,G
WT_NS5_Sample,GAG,1407,8504,0.16545155221072436,E
WT_NS5_Sample,GAC,1358,8504,0.159689557855127,D
WT_NS5_Sample,TGC,881,8504,0.10359830667920979,C
WT_NS5_Sample,ACC,501,8504,0.058913452492944496,T
WT_NS5_Sample,AGC,434,8504,0.05103480714957667,S
WT_NS5_Sample,CCC,357,8504,0.041980244590780806,P
WT_NS5_Sample,GCC,342,8504,0.04021636876763876,A
WT_NS5_Sample,CTG,258,8504,0.030338664158043274,L
WT_NS5_Sample,AGA,175,8504,0.020578551269990593,R
WT_NS5_Sample,ATG,173,8504,0.020343367826904987,M
WT_NS5_Sample,AAC,172,8504,0.02022577610536218,N
WT_NS5_Sample,CAC,134,8504,0.015757290686735655,H
WT_NS5_Sample,CAG,81,8504,0.009524929444967075,Q
WT_NS5_Sample,GTG,29,8504,0.003410159924741298,V
WT_NS5_Sample,AAG,4,8504,0.00047036688617121356,K
WT_NS5_Sample,ATC,3,8504,0.0003527751646284102,I
WT_NS5_Sample,TGA,2,8504,0.00023518344308560678,O
WT_NS5_Sample,TTC,2,8504,0.00023518344308560678,F
WT_NS5_Sample,TGG,1,8504,0.00011759172154280339,W
WT_Plasmid,GGT,1522,3606,0.42207432057681643,G
WT_Plasmid,GAG,1400,3606,0.3882418191902385,E
WT_Plasmid,GAC,626,3606,0.1735995562950638,D
WT_Plasmid,AGA,18,3606,0.004991680532445923,R
WT_Plasmid,ATG,16,3606,0.004437049362174155,M
WT_Plasmid,GTG,11,3606,0.003050471436494731,V
WT_Plasmid,AAG,6,3606,0.0016638935108153079,K
WT_Plasmid,CAG,2,3606,0.0005546311702717693,Q
WT_Plasmid,TAC,2,3606,0.0005546311702717693,Y
WT_Plasmid,ATC,1,3606,0.00027731558513588466,I
WT_Plasmid,GCC,1,3606,0.00027731558513588466,A
WT_Plasmid,TGG,1,3606,0.00027731558513588466,W
